Website,Keyword
https://www.we-online.com/web/en/wuerth_elektronik/start.php,cable to board connector
https://www.we-online.com/web/en/wuerth_elektronik/start.php,board to cable connectors
https://www.we-online.com/web/en/wuerth_elektronik/start.php,wtb connector
https://www.we-online.com/web/en/wuerth_elektronik/start.php,single pair ethernet
https://www.we-online.com/web/en/wuerth_elektronik/start.php,board to board cable
https://www.we-online.com/web/en/wuerth_elektronik/start.php,one pair ethernet
https://www.we-online.com/web/en/wuerth_elektronik/start.php,dip setting
https://www.we-online.com/web/en/wuerth_elektronik/start.php,board to board connectors
https://www.we-online.com/web/en/wuerth_elektronik/start.php,dip switch 8 pin
https://www.we-online.com/web/en/wuerth_elektronik/start.php,ethernet pair
https://www.we-online.com/web/en/wuerth_elektronik/start.php,ethernet over single pair
https://www.we-online.com/web/en/wuerth_elektronik/start.php,connector board to board
https://www.we-online.com/web/en/wuerth_elektronik/start.php,board to board connector types
https://www.we-online.com/web/en/wuerth_elektronik/start.php,flat ribbon cable connectors catalog
https://www.we-online.com/web/en/wuerth_elektronik/start.php,dip switch 4 pin
https://www.we-online.com/web/en/wuerth_elektronik/start.php,2 pin dip switch
https://www.we-online.com/web/en/wuerth_elektronik/start.php,3 pin dip switch
https://www.we-online.com/web/en/wuerth_elektronik/start.php,6 pin dip switch
https://www.we-online.com/web/en/wuerth_elektronik/start.php,connector flat cable
https://www.we-online.com/web/en/wuerth_elektronik/start.php,dip switch circuit
https://www.we-online.com/web/en/wuerth_elektronik/start.php,dip switch setting
https://www.we-online.com/web/en/wuerth_elektronik/start.php,pcb ribbon connector
https://www.we-online.com/web/en/wuerth_elektronik/start.php,2.5 mm pitch connector
https://www.we-online.com/web/en/wuerth_elektronik/start.php,board to board power connector
https://www.we-online.com/web/en/wuerth_elektronik/start.php,ribbon wire connectors
https://www.we-online.com/web/en/wuerth_elektronik/start.php,flat cable connectors
https://www.we-online.com/web/en/wuerth_elektronik/start.php,wurth wireless charging
https://www.we-online.com/web/en/wuerth_elektronik/start.php,ims pcb
https://www.we-online.com/web/en/wuerth_elektronik/start.php,wurth 3d models
https://www.we-online.com/web/en/wuerth_elektronik/start.php,wireless power transfer kit
https://www.we-online.com/web/en/wuerth_elektronik/start.php,wurth rj45
https://www.we-online.com/web/en/wuerth_elektronik/start.php,wireless charging development kit
https://www.we-online.com/web/en/wuerth_elektronik/start.php,advantages of wireless power transfer
https://www.we-online.com/web/en/wuerth_elektronik/start.php,high current common mode choke
https://www.we-online.com/web/en/wuerth_elektronik/start.php,advantages of wireless power transmission
https://www.we-online.com/web/en/wuerth_elektronik/start.php,rs485 filter
https://www.we-online.com/web/en/wuerth_elektronik/start.php,multi output dc dc converter
https://www.we-online.com/web/en/wuerth_elektronik/start.php,7499210121a
https://www.we-online.com/web/en/wuerth_elektronik/start.php,wireless power transmission advantages
https://www.we-online.com/web/en/wuerth_elektronik/start.php,micro usb vertical
https://www.we-online.com/web/en/wuerth_elektronik/start.php,inductive charging coil
https://www.we-online.com/web/en/wuerth_elektronik/start.php,gate driver power supply
https://www.we-online.com/web/en/wuerth_elektronik/start.php,ffc cable connector
https://www.we-online.com/web/en/wuerth_elektronik/start.php,wireless charging coil
https://www.we-online.com/web/en/wuerth_elektronik/start.php,7499111221a
https://www.we-online.com/web/en/wuerth_elektronik/start.php,74990111215a
https://www.we-online.com/web/en/wuerth_elektronik/start.php,transformer driver for isolated power supplies
https://www.we-online.com/web/en/wuerth_elektronik/start.php,poe transformer
https://www.we-online.com/web/en/wuerth_elektronik/start.php,wireless coil
https://www.we-online.com/web/en/wuerth_elektronik/start.php,heatsink pcb
https://www.we-online.com/web/en/wuerth_elektronik/start.php,wireless charger ic
https://www.we-online.com/web/en/wuerth_elektronik/start.php,ribbon flat cable
https://www.we-online.com/web/en/wuerth_elektronik/start.php,rj45 transformer
https://www.we-online.com/web/en/wuerth_elektronik/start.php,1.27 mm pitch ribbon cable
https://www.we-online.com/web/en/wuerth_elektronik/start.php,wireless charging receiver coil
https://www.we-online.com/web/en/wuerth_elektronik/start.php,ul2651 ribbon cable
https://www.we-online.com/web/en/wuerth_elektronik/start.php,rj45 with integrated magnetics
https://www.we-online.com/web/en/wuerth_elektronik/start.php,rj45 magnetics
https://www.we-online.com/web/en/wuerth_elektronik/start.php,4w620
https://www.we-online.com/web/en/wuerth_elektronik/start.php,flat flexible cable connector
https://www.we-online.com/web/en/wuerth_elektronik/start.php,lc filter for power supply
https://www.we-online.com/web/en/wuerth_elektronik/start.php,rj45 connector with magnetics
https://www.we-online.com/web/en/wuerth_elektronik/start.php,flat flex cable connector
https://www.we-online.com/web/en/wuerth_elektronik/start.php,fpc ffc cable
https://www.we-online.com/web/en/wuerth_elektronik/start.php,tvs usb
https://www.we-online.com/web/en/wuerth_elektronik/start.php,cable ribbon
https://www.we-online.com/web/en/wuerth_elektronik/start.php,wireless charging coil design
https://www.we-online.com/web/en/wuerth_elektronik/start.php,solid state caps
https://www.we-online.com/web/en/wuerth_elektronik/start.php,qi charging coil
https://www.we-online.com/web/en/wuerth_elektronik/start.php,fpc cable
https://www.we-online.com/web/en/wuerth_elektronik/start.php,dc power jacks
https://www.we-online.com/web/en/wuerth_elektronik/start.php,ribbon cable 2.54 mm pitch
https://www.we-online.com/web/en/wuerth_elektronik/start.php,wireless charger solution
https://www.we-online.com/web/en/wuerth_elektronik/start.php,flat cable socket
https://www.we-online.com/web/en/wuerth_elektronik/start.php,flat ribbon cable connector
https://www.we-online.com/web/en/wuerth_elektronik/start.php,cable ferrites
https://www.we-online.com/web/en/wuerth_elektronik/start.php,lin can gateway
https://www.we-online.com/web/en/wuerth_elektronik/start.php,transformer dc to dc
https://www.we-online.com/web/en/wuerth_elektronik/start.php,flat ribbon wire
https://www.we-online.com/web/en/wuerth_elektronik/start.php,idc flat cable
https://www.we-online.com/web/en/wuerth_elektronik/start.php,sma sma connector
https://www.we-online.com/web/en/wuerth_elektronik/start.php,pcb heat
https://www.we-online.com/web/en/wuerth_elektronik/start.php,sic driver
https://www.we-online.com/web/en/wuerth_elektronik/start.php,idc flat ribbon cable
https://www.we-online.com/web/en/wuerth_elektronik/start.php,flat ribbon connector
https://www.we-online.com/web/en/wuerth_elektronik/start.php,ribbon cable pitch
https://www.we-online.com/web/en/wuerth_elektronik/start.php,ribbon flat
https://www.we-online.com/web/en/wuerth_elektronik/start.php,flat flex connector
https://www.we-online.com/web/en/wuerth_elektronik/start.php,dm choke
https://www.we-online.com/web/en/wuerth_elektronik/start.php,transmitter coil
https://www.we-online.com/web/en/wuerth_elektronik/start.php,dc dc converter transformer
https://www.we-online.com/web/en/wuerth_elektronik/start.php,push pull transformer driver
https://www.we-online.com/web/en/wuerth_elektronik/start.php,nxp wireless charging
https://www.we-online.com/web/en/wuerth_elektronik/start.php,wireless charger transmitter and receiver
https://www.we-online.com/web/en/wuerth_elektronik/start.php,lc power filter
https://www.we-online.com/web/en/wuerth_elektronik/start.php,micro usb smt
https://www.we-online.com/web/en/wuerth_elektronik/start.php,module dc dc
https://www.we-online.com/web/en/wuerth_elektronik/start.php,altera max 10
https://www.we-online.com/web/en/wuerth_elektronik/start.php,lin gateway
https://www.we-online.com/web/en/wuerth_elektronik/start.php,flex cable connector
https://www.we-online.com/web/en/wuerth_elektronik/start.php,flat connector cable
https://www.we-online.com/web/en/wuerth_elektronik/start.php,texas instruments cc1101
https://www.we-online.com/web/en/wuerth_elektronik/start.php,male sma connector
https://www.we-online.com/web/en/wuerth_elektronik/start.php,flex cable connector types
https://www.we-online.com/web/en/wuerth_elektronik/start.php,alpharack
https://www.we-online.com/web/en/wuerth_elektronik/start.php,class d mosfet
https://www.we-online.com/web/en/wuerth_elektronik/start.php,emc tape
https://www.we-online.com/web/en/wuerth_elektronik/start.php,pcb heatsink design
https://www.we-online.com/web/en/wuerth_elektronik/start.php,idt wireless charging
https://www.we-online.com/web/en/wuerth_elektronik/start.php,microchip usb to uart
https://www.we-online.com/web/en/wuerth_elektronik/start.php,idc ribbon cable
https://www.we-online.com/web/en/wuerth_elektronik/start.php,input output connector
https://www.we-online.com/web/en/wuerth_elektronik/start.php,sic gate driver
https://www.we-online.com/web/en/wuerth_elektronik/start.php,50 pin flat ribbon cable
https://www.we-online.com/web/en/wuerth_elektronik/start.php,regulator converter
https://www.we-online.com/web/en/wuerth_elektronik/start.php,renesas wireless charging
https://www.we-online.com/web/en/wuerth_elektronik/start.php,cc1101
https://www.we-online.com/web/en/wuerth_elektronik/start.php,ribbon wires
https://www.we-online.com/web/en/wuerth_elektronik/start.php,flybacks
https://www.we-online.com/web/en/wuerth_elektronik/start.php,micro usb smd
https://www.we-online.com/web/en/wuerth_elektronik/start.php,ribbon cables and connectors
https://www.we-online.com/web/en/wuerth_elektronik/start.php,flat cable 16 pin
https://www.we-online.com/web/en/wuerth_elektronik/start.php,dc dc converter modules
https://www.we-online.com/web/en/wuerth_elektronik/start.php,dc converter module
https://www.we-online.com/web/en/wuerth_elektronik/start.php,ffc cable
https://www.we-online.com/web/en/wuerth_elektronik/start.php,4 wire ribbon cable
https://www.we-online.com/web/en/wuerth_elektronik/start.php,ribbon cable 10 pin
https://www.we-online.com/web/en/wuerth_elektronik/start.php,flex layer
https://www.we-online.com/web/en/wuerth_elektronik/start.php,ag6100
https://www.we-online.com/web/en/wuerth_elektronik/start.php,idc ribbon
https://www.we-online.com/web/en/wuerth_elektronik/start.php,male sma
https://www.we-online.com/web/en/wuerth_elektronik/start.php,pcb heat dissipation
https://www.we-online.com/web/en/wuerth_elektronik/start.php,sx1301
https://www.we-online.com/web/en/wuerth_elektronik/start.php,female sma
https://www.we-online.com/web/en/wuerth_elektronik/start.php,idc ribbon connector
https://www.we-online.com/web/en/wuerth_elektronik/start.php,dc in power jack
https://www.we-online.com/web/en/wuerth_elektronik/start.php,10 pin flat ribbon cable
https://www.we-online.com/web/en/wuerth_elektronik/start.php,ribbon connectors
https://www.we-online.com/web/en/wuerth_elektronik/start.php,wireless power transfer coil
https://www.we-online.com/web/en/wuerth_elektronik/start.php,usb smt
https://www.we-online.com/web/en/wuerth_elektronik/start.php,16 pin ribbon connector
https://www.we-online.com/web/en/wuerth_elektronik/start.php,dc to converter
https://www.we-online.com/web/en/wuerth_elektronik/start.php,fpc flat cable
https://www.we-online.com/web/en/wuerth_elektronik/start.php,power dc dc converter
https://www.we-online.com/web/en/wuerth_elektronik/start.php,ac flyback transformer
https://www.we-online.com/web/en/wuerth_elektronik/start.php,dc dc converter adjustable output
https://www.we-online.com/web/en/wuerth_elektronik/start.php,sma connector specifications
https://www.we-online.com/web/en/wuerth_elektronik/start.php,34 pin flat ribbon cable
https://www.we-online.com/web/en/wuerth_elektronik/start.php,ffc fpc kabel
https://www.we-online.com/web/en/wuerth_elektronik/start.php,micro usb vertical connector
https://www.we-online.com/web/en/wuerth_elektronik/start.php,transformer driver
https://www.we-online.com/web/en/wuerth_elektronik/start.php,micro usb connector smd
https://www.we-online.com/web/en/wuerth_elektronik/start.php,4 conductor ribbon cable
https://www.we-online.com/web/en/wuerth_elektronik/start.php,dual output dc dc converter
https://www.we-online.com/web/en/wuerth_elektronik/start.php,sma plug male
https://www.we-online.com/web/en/wuerth_elektronik/start.php,usb emc
https://www.we-online.com/web/en/wuerth_elektronik/start.php,usb vertical
https://www.we-online.com/web/en/wuerth_elektronik/start.php,ssr switch
https://www.we-online.com/web/en/wuerth_elektronik/start.php,plug sma
https://www.we-online.com/web/en/wuerth_elektronik/start.php,flat cable 10 pin
https://www.we-online.com/web/en/wuerth_elektronik/start.php,16 pin flat ribbon cable
https://www.we-online.com/web/en/wuerth_elektronik/start.php,solid state relay ac input
https://www.we-online.com/web/en/wuerth_elektronik/start.php,sma konnektor
https://www.we-online.com/web/en/wuerth_elektronik/start.php,small sma connector
https://www.we-online.com/web/en/wuerth_elektronik/start.php,solid switch
https://www.we-online.com/web/en/wuerth_elektronik/start.php,sma to sma connector
https://www.we-online.com/web/en/wuerth_elektronik/start.php,wireless power transfer through coils
https://www.we-online.com/web/en/wuerth_elektronik/start.php,flat cable assemblies
https://www.we-online.com/web/en/wuerth_elektronik/start.php,connector sma male
https://www.we-online.com/web/en/wuerth_elektronik/start.php,dc dc converter application
https://www.we-online.com/web/en/wuerth_elektronik/start.php,vertical usb
https://www.we-online.com/web/en/wuerth_elektronik/start.php,16 pin flat cable
https://www.we-online.com/web/en/wuerth_elektronik/start.php,cable fpc
https://www.we-online.com/web/en/wuerth_elektronik/start.php,16 pin flat ribbon cable connector
https://www.we-online.com/web/en/wuerth_elektronik/start.php,1hs01g
https://www.we-online.com/web/en/wuerth_elektronik/start.php,solid state relay dc input dc output
https://www.we-online.com/web/en/wuerth_elektronik/start.php,26 pin flat ribbon cable
https://www.we-online.com/web/en/wuerth_elektronik/start.php,flat cable 20 pin
https://www.we-online.com/web/en/wuerth_elektronik/start.php,sma sma adapter
https://www.we-online.com/web/en/wuerth_elektronik/start.php,5v dc dc converter
https://www.we-online.com/web/en/wuerth_elektronik/start.php,1mm pitch ribbon cable
https://www.we-online.com/web/en/wuerth_elektronik/start.php,solid state relay driver
https://www.we-online.com/web/en/wuerth_elektronik/start.php,diy electrolytic capacitor
https://www.we-online.com/web/en/wuerth_elektronik/start.php,usb smd connector
https://www.we-online.com/web/en/wuerth_elektronik/start.php,kabel ffc
https://www.we-online.com/web/en/wuerth_elektronik/start.php,20 pin flat ribbon cable
https://www.we-online.com/web/en/wuerth_elektronik/start.php,dc power jack datasheet
https://www.we-online.com/web/en/wuerth_elektronik/start.php,10 pin flat cable
https://www.we-online.com/web/en/wuerth_elektronik/start.php,flat cable wire
https://www.we-online.com/web/en/wuerth_elektronik/start.php,pi filter frequency response
https://www.we-online.com/web/en/wuerth_elektronik/start.php,usb micro smd
https://www.we-online.com/web/en/wuerth_elektronik/start.php,variable dc dc converter
https://www.we-online.com/web/en/wuerth_elektronik/start.php,wb55
https://www.we-online.com/web/en/wuerth_elektronik/start.php,va6000
https://www.we-online.com/web/en/wuerth_elektronik/start.php,dc jacks
https://www.we-online.com/web/en/wuerth_elektronik/start.php,power converter module
https://www.we-online.com/web/en/wuerth_elektronik/start.php,sma male female
https://www.we-online.com/web/en/wuerth_elektronik/start.php,lc filter simulator
https://www.we-online.com/web/en/wuerth_elektronik/start.php,micro sma connector
https://www.we-online.com/web/en/wuerth_elektronik/start.php,sma female male
https://www.we-online.com/web/en/wuerth_elektronik/start.php,x5r
https://www.we-online.com/web/en/wuerth_elektronik/start.php,4 w 620
https://www.we-online.com/web/en/wuerth_elektronik/start.php,push pull transformer
https://www.we-online.com/web/en/wuerth_elektronik/start.php,flat wire cable
https://www.we-online.com/web/en/wuerth_elektronik/start.php,cable ferrite core
https://www.we-online.com/web/en/wuerth_elektronik/start.php,dual output buck converter
https://www.we-online.com/web/en/wuerth_elektronik/start.php,vertical usb connector
https://www.we-online.com/web/en/wuerth_elektronik/start.php,ferrite bead cable
https://www.we-online.com/web/en/wuerth_elektronik/start.php,regulator dc to dc
https://www.we-online.com/web/en/wuerth_elektronik/start.php,34 pin ribbon cable
https://www.we-online.com/web/en/wuerth_elektronik/start.php,ribbon cable adapter
https://www.we-online.com/web/en/wuerth_elektronik/start.php,isolated gate drivers
https://www.we-online.com/web/en/wuerth_elektronik/start.php,20 pin ribbon connector
https://www.we-online.com/web/en/wuerth_elektronik/start.php,smt usb
https://www.we-online.com/web/en/wuerth_elektronik/start.php,transformer driver ic
https://www.we-online.com/web/en/wuerth_elektronik/start.php,5a dc dc converter
https://www.we-online.com/web/en/wuerth_elektronik/start.php,flexible cable connector
https://www.we-online.com/web/en/wuerth_elektronik/start.php,ul2651
https://www.we-online.com/web/en/wuerth_elektronik/start.php,dc dc converter selection guide
https://www.we-online.com/web/en/wuerth_elektronik/start.php,pcb cooling
https://www.we-online.com/web/en/wuerth_elektronik/start.php,ti wireless charger
https://www.we-online.com/web/en/wuerth_elektronik/start.php,10 conductor ribbon cable
https://www.we-online.com/web/en/wuerth_elektronik/start.php,kabel idc
https://www.we-online.com/web/en/wuerth_elektronik/start.php,12v dc dc converter
https://www.we-online.com/web/en/wuerth_elektronik/start.php,20 pin flat cable
https://www.we-online.com/web/en/wuerth_elektronik/start.php,sma male to sma male connector
https://www.we-online.com/web/en/wuerth_elektronik/start.php,flat flexible cable
https://www.we-online.com/web/en/wuerth_elektronik/start.php,electrolytic capacitor lifetime estimation
https://www.we-online.com/web/en/wuerth_elektronik/start.php,micro sd connector
https://www.we-online.com/web/en/wuerth_elektronik/start.php,sma male male
https://www.we-online.com/web/en/wuerth_elektronik/start.php,molex ffc cable
https://www.we-online.com/web/en/wuerth_elektronik/start.php,shielded ffc cable
https://www.we-online.com/web/en/wuerth_elektronik/start.php,chip antenna
https://www.we-online.com/web/en/wuerth_elektronik/start.php,ffc flat cable
https://www.we-online.com/web/en/wuerth_elektronik/start.php,flyback design
https://www.we-online.com/web/en/wuerth_elektronik/start.php,power jack
https://www.we-online.com/web/en/wuerth_elektronik/start.php,dual dc dc converter
https://www.we-online.com/web/en/wuerth_elektronik/start.php,dc power jack connector
https://www.we-online.com/web/en/wuerth_elektronik/start.php,flat cables
https://www.we-online.com/web/en/wuerth_elektronik/start.php,output connectors
https://www.we-online.com/web/en/wuerth_elektronik/start.php,smps power supply design
https://www.we-online.com/web/en/wuerth_elektronik/start.php,34 pin cable
https://www.we-online.com/web/en/wuerth_elektronik/start.php,reverse sma connector
https://www.we-online.com/web/en/wuerth_elektronik/start.php,board elektronik
https://www.we-online.com/web/en/wuerth_elektronik/start.php,dc down converter
https://www.we-online.com/web/en/wuerth_elektronik/start.php,shdsl full form
https://www.we-online.com/web/en/wuerth_elektronik/start.php,sma female female
https://www.we-online.com/web/en/wuerth_elektronik/start.php,fpc flex cable
https://www.we-online.com/web/en/wuerth_elektronik/start.php,buck buck converter
https://www.we-online.com/web/en/wuerth_elektronik/start.php,micro usb connector pcb mount
https://www.we-online.com/web/en/wuerth_elektronik/start.php,adjustable dc to dc converter
https://www.we-online.com/web/en/wuerth_elektronik/start.php,jack dc power
https://www.we-online.com/web/en/wuerth_elektronik/start.php,7499011121a
https://www.we-online.com/web/en/wuerth_elektronik/start.php,3v solid state relay
https://www.we-online.com/web/en/wuerth_elektronik/start.php,common mode choke for can bus
https://www.we-online.com/web/en/wuerth_elektronik/start.php,ild6150
https://www.we-online.com/web/en/wuerth_elektronik/start.php,micro dc dc converter
https://www.we-online.com/web/en/wuerth_elektronik/start.php,crt flyback transformer
https://www.we-online.com/web/en/wuerth_elektronik/start.php,cc1101 datasheet
https://www.we-online.com/web/en/wuerth_elektronik/start.php,ti gate driver
https://www.we-online.com/web/en/wuerth_elektronik/start.php,dc dc converter 5a
https://www.we-online.com/web/en/wuerth_elektronik/start.php,llc controller
https://www.we-online.com/web/en/wuerth_elektronik/start.php,usb to i2c chip
https://www.we-online.com/web/en/wuerth_elektronik/start.php,dc dc converter specifications
https://www.we-online.com/web/en/wuerth_elektronik/start.php,buck boost power supply
https://www.we-online.com/web/en/wuerth_elektronik/start.php,st dc dc converter
https://www.we-online.com/web/en/wuerth_elektronik/start.php,converter regulator
https://www.we-online.com/web/en/wuerth_elektronik/start.php,sd card connector
https://www.we-online.com/web/en/wuerth_elektronik/start.php,flat ribbon cable crimping tool
https://www.we-online.com/web/en/wuerth_elektronik/start.php,power dc jack
https://www.we-online.com/web/en/wuerth_elektronik/start.php,dc power jack socket
https://www.we-online.com/web/en/wuerth_elektronik/start.php,ul2651 specification
https://www.we-online.com/web/en/wuerth_elektronik/start.php,24v 5v dc dc converter
https://www.we-online.com/web/en/wuerth_elektronik/start.php,reverse sma
https://www.we-online.com/web/en/wuerth_elektronik/start.php,dc jack connector
https://www.we-online.com/web/en/wuerth_elektronik/start.php,sma rp connector
https://www.we-online.com/web/en/wuerth_elektronik/start.php,würthelektronik
https://www.we-online.com/web/en/wuerth_elektronik/start.php,leiterplatten
https://www.we-online.com/web/en/wuerth_elektronik/start.php,tvs diode
https://www.we-online.com/web/en/wuerth_elektronik/start.php,converter dc dc
https://www.we-online.com/web/en/wuerth_elektronik/start.php,solid state relais
https://www.we-online.com/web/en/wuerth_elektronik/start.php,dcdc wandler
https://www.we-online.com/web/en/wuerth_elektronik/start.php,würth elektronik shop
https://www.we-online.com/web/en/wuerth_elektronik/start.php,würth e
https://www.we-online.com/web/en/wuerth_elektronik/start.php,würth elektronik karriere
https://www.we-online.com/web/en/wuerth_elektronik/start.php,single pair ethernet
https://www.we-online.com/web/en/wuerth_elektronik/start.php,elektronik katalog
https://www.we-online.com/web/en/wuerth_elektronik/start.php,elektronik distributor
https://www.we-online.com/web/en/wuerth_elektronik/start.php,würth waldenburg
https://www.we-online.com/web/en/wuerth_elektronik/start.php,würth leiterplatten
https://www.we-online.com/web/en/wuerth_elektronik/start.php,rj45lan
https://www.we-online.com/web/en/wuerth_elektronik/start.php,würth led
https://www.we-online.com/web/en/wuerth_elektronik/start.php,ics elektronik
https://www.we-online.com/web/en/wuerth_elektronik/start.php,schrittschaltrelais
https://www.we-online.com/web/en/wuerth_elektronik/start.php,microvia
https://www.we-online.com/web/en/wuerth_elektronik/start.php,pcb flex
https://www.we-online.com/web/en/wuerth_elektronik/start.php,emc shield
https://www.we-online.com/web/en/wuerth_elektronik/start.php,lan buchse
https://www.we-online.com/web/en/wuerth_elektronik/start.php,common mode filter
https://www.we-online.com/web/en/wuerth_elektronik/start.php,würth seminar
https://www.we-online.com/web/en/wuerth_elektronik/start.php,smd schablone
https://www.we-online.com/web/en/wuerth_elektronik/start.php,mcp2221
https://www.we-online.com/web/en/wuerth_elektronik/start.php,smd elektronik
https://www.we-online.com/web/en/wuerth_elektronik/start.php,connector sma
https://www.we-online.com/web/en/wuerth_elektronik/start.php,soldermask
https://www.we-online.com/web/en/wuerth_elektronik/start.php,cc1101
https://www.we-online.com/web/en/wuerth_elektronik/start.php,ribboncable
https://www.we-online.com/web/en/wuerth_elektronik/start.php,sma male
https://www.we-online.com/web/en/wuerth_elektronik/start.php,sma female
https://www.we-online.com/web/en/wuerth_elektronik/start.php,lt spice transformer
https://www.we-online.com/web/en/wuerth_elektronik/start.php,pin header
https://www.we-online.com/web/en/wuerth_elektronik/start.php,dc wandler
https://www.we-online.com/web/en/wuerth_elektronik/start.php,stm32 wb
https://www.we-online.com/web/en/wuerth_elektronik/start.php,dc dc step down
https://www.we-online.com/web/en/wuerth_elektronik/start.php,ffc kabel
https://www.we-online.com/web/en/wuerth_elektronik/start.php,x7r
https://www.we-online.com/web/en/wuerth_elektronik/start.php,ssr relais
https://www.we-online.com/web/en/wuerth_elektronik/start.php,pcb elektronik
https://www.we-online.com/web/en/wuerth_elektronik/start.php,diode esd
https://www.we-online.com/web/en/wuerth_elektronik/start.php,emv bedeutung
https://www.we-online.com/web/en/wuerth_elektronik/start.php,ferritebead
https://www.we-online.com/web/en/wuerth_elektronik/start.php,pcb printed
https://www.we-online.com/web/en/wuerth_elektronik/start.php,dc dc converter isolated
https://www.vkb.de/,privat haftpflichtversicherung
https://www.vkb.de/,schadenfreiheitsrabatt
https://www.vkb.de/,wohngebäudeversicherung steuerlich absetzbar
https://www.vkb.de/,hausversicherung steuererklärung
https://www.vkb.de/,elementar schaden versicherung
https://www.vkb.de/,private zusatzkrankenversicherung
https://www.vkb.de/,privat haftpflicht versicherung
https://www.vkb.de/,fahrraddiebstahl versicherung
https://www.vkb.de/,pv versicherung
https://www.vkb.de/,mopedversicherungen
https://www.vkb.de/,riester zulage
https://www.vkb.de/,versicherungskammer bayern krankenversicherung
https://www.vkb.de/,bayerische versicherungskammer krankenversicherung
https://www.vkb.de/,versicherungskammer bayern rückerstattung
https://www.vkb.de/,bayerische beamtenkrankenkasse leistungen
https://www.vkb.de/,vkb bayern
https://www.vkb.de/,bayerische beamtenkrankenkasse münchen
https://www.vkb.de/,bbkk versicherung
https://www.vkb.de/,bbk versicherung
https://www.vkb.de/,beihilfeversicherung versicherungskammer bayern
https://www.vkb.de/,versicherungskammer bayern beihilfe
https://www.vkb.de/,versicherungskammer bayern rechnung einreichen
https://www.vkb.de/,bayerisches versicherungskammer
https://www.vkb.de/,versicherungskammer bayern zahnzusatzversicherung rechnung einreichen
https://www.vkb.de/,versicherungskammer bayern online
https://www.vkb.de/,versicherungs kammer
https://www.vkb.de/,bayerische beamtenkrankenkasse zusatzversicherung
https://www.vkb.de/,bayerische versicherungskammer kontakt
https://www.vkb.de/,vkb rechnungen einreichen
https://www.vkb.de/,vkb versicherungen
https://www.vkb.de/,bayerische versicherungskammer zusatzversicherung
https://www.vkb.de/,vkb kontakt
https://www.vkb.de/,versicherungskammer bayern login
https://www.vkb.de/,versicherungskammer bayern kontakt email
https://www.vkb.de/,versicherungskammer bayern kundenservice
https://www.vkb.de/,email versicherungskammer bayern
https://www.vkb.de/,versicherungskammer bayern e mail
https://www.vkb.de/,bayern versicherung kontakt
https://www.vkb.de/,versicherungskammer bayern zahnzusatzversicherung
https://www.vkb.de/,versicherungskammer münchen
https://www.vkb.de/,vkb zahnzusatzversicherung
https://www.vkb.de/,versicherungskammer bayern hotline
https://www.vkb.de/,versicherung bayer
https://www.vkb.de/,versicherungskammer bayern münchen adresse
https://www.vkb.de/,bayerische versicherungskammer zahnzusatzversicherung
https://www.vkb.de/,versicherungskammer bayern adresse ändern
https://www.vkb.de/,versicherungskammer bayern schaden melden
https://www.vkb.de/,versicherungskammer bayern schaden
https://www.vkb.de/,bayern versicherung münchen
https://www.vkb.de/,bayerische beamtenkrankenkasse app
https://www.vkb.de/,versicherungskammer bayern app
https://www.vkb.de/,bayerische beamtenkrankenkasse zahnzusatzversicherung
https://www.vkb.de/,versicherungskammer bayern impressum
https://www.vkb.de/,meine gesundheit versicherungskammer bayern
https://www.vkb.de/,versicherungskammer bayern jobs
https://www.vkb.de/,versicherungskammer bayern nürnberg
https://www.vkb.de/,versicherungskammer bayern karriere
https://www.vkb.de/,versicherungskammer bayern wohngebäudeversicherung
https://www.vkb.de/,bayerische versicherungskammer wohngebäudeversicherung
https://www.vkb.de/,versicherungskammer bayern kündigen
https://www.vkb.de/,bayerische versicherungskammer nürnberg
https://www.vkb.de/,bayern versicherung kfz
https://www.vkb.de/,bayerischen versicherung
https://www.vkb.de/,bayerische lebensversicherung
https://www.vkb.de/,gesundheit versicherung
https://www.vkb.de/,vkb kfz versicherung
https://www.vkb.de/,vorsorge versicherungen
https://www.vkb.de/,versicherungsbüro
https://www.vkb.de/,versicherungen privat
https://www.vkb.de/,versicherungskammer bayern stellenangebote
https://www.vkb.de/,vkb stellenangebote
https://www.vkb.de/,vkb premium service
https://www.vkb.de/,versicherungskammer bayern telefonnummer zentrale
https://www.vkb.de/,bayerische beamtenkrankenkasse rechnungen einreichen
https://www.vkb.de/,bayerische beamtenkrankenkasse beihilfe
https://www.vkb.de/,vkb mein premiumservice
https://www.vkb.de/,sf klassen übersicht
https://www.vkb.de/,sf 4 prozent
https://www.vkb.de/,sf 17 in prozent
https://www.vkb.de/,schadenfreiheitsklasse 3
https://www.vkb.de/,versicherungskammer bayern wohnung
https://www.vkb.de/,versicherungskammer bayern haftpflicht
https://www.vkb.de/,schadenfreiheitsklassen motorrad
https://www.vkb.de/,sf klassen rechner
https://www.vkb.de/,sf 35
https://www.vkb.de/,sf klassen auto
https://www.vkb.de/,sf klassen prozent
https://www.vkb.de/,sf klassen motorrad
https://www.vkb.de/,versicherungskammer bayern telefonnummer
https://www.vkb.de/,niedrigste schadenfreiheitsklasse
https://www.vkb.de/,sf 10 in prozent
https://www.vkb.de/,sf tabelle
https://www.vkb.de/,schadenfreiheitsklassen auto
https://www.vkb.de/,vollkasko sf klassen
https://www.vkb.de/,welche schadenfreiheitsklasse gibt es
https://www.vkb.de/,sf klassen kfz
https://www.vkb.de/,sf klassen bedeutung
https://www.vkb.de/,schadenfreiheitsklassen kfz
https://www.vkb.de/,versicherung sf klassen
https://www.vkb.de/,bayerische versicherungskammer wohnung
https://www.vkb.de/,sf versicherung
https://www.vkb.de/,tabelle schadenfreiheitsklassen
https://www.vkb.de/,kfz schadenfreiheitsklassen
https://www.vkb.de/,grillen auf dem balkon bayern
https://www.vkb.de/,schadenfreiheitsklasse auto
https://www.vkb.de/,versicherung schadenfreiheitsklasse
https://www.vkb.de/,schadensklassen auto
https://www.vkb.de/,beitragssatz kfz versicherung
https://www.vkb.de/,schadenfreiheitsklassen haftpflicht
https://www.vkb.de/,sf5 versicherung
https://www.vkb.de/,schadenfreiheitsklasse 4
https://www.vkb.de/,sf 8 in prozent
https://www.vkb.de/,versicherung schadenfreiheitsklassen
https://www.vkb.de/,sf klassen prozente tabelle
https://www.vkb.de/,sf1 versicherung
https://www.vkb.de/,kfz versicherung schadenfreiheitsklasse
https://www.vkb.de/,welche sf habe ich
https://www.vkb.de/,sf rechner
https://www.vkb.de/,schadenfreiheitsklasse haftpflicht
https://www.vkb.de/,schadenfreiheitsklassen prozente
https://www.vkb.de/,autoversicherung sf klassen
https://www.vkb.de/,betriebliche berufsunfähigkeitsversicherung
https://www.vkb.de/,schadenfreiheitsklasse 0
https://www.vkb.de/,schadenfreiheitsklassen vollkasko
https://www.vkb.de/,schadenfreiheitsklasse 2
https://www.vkb.de/,schadenfreiheitsklasse 1
https://www.vkb.de/,vkb app
https://www.vkb.de/,autoversicherung schadenfreiheitsklassen
https://www.vkb.de/,bayerische beamtenkrankenkasse telefonnummer
https://www.vkb.de/,schadensklasse kfz
https://www.vkb.de/,sf berechnen
https://www.vkb.de/,welche schadenfreiheitsklasse
https://www.vkb.de/,sfk tabelle
https://www.vkb.de/,brandversicherung bayern
https://www.vkb.de/,kfz versicherung prozent
https://www.vkb.de/,rechtsschutz bauherren
https://www.vkb.de/,generationendepot nachteile
https://www.vkb.de/,bayerische beamtenkrankenkasse tarife beihilfe
https://www.vkb.de/,rentenbescheid erklärung
https://www.vkb.de/,rechtsschutzversicherung bauherren
https://www.vkb.de/,bauherren rechtsschutzversicherung
https://www.vkb.de/,dachlawinen
https://www.vkb.de/,schadenfreiheitsklasse einstufung
https://www.vkb.de/,rentenbescheid beispiel
https://www.vkb.de/,sf3 prozent
https://www.vkb.de/,krankentagegeldversicherung steuerlich absetzbar
https://www.vkb.de/,bau rechtsschutz
https://www.vkb.de/,haushaltshilfe versichern
https://www.vkb.de/,schadensklasse pkw
https://www.vkb.de/,sturmschaden melden
https://www.vkb.de/,versicherung prozent
https://www.vkb.de/,zahnzusatzversicherung bayern
https://www.vkb.de/,schadensklassen
https://www.vkb.de/,höchste schadenfreiheitsklasse
https://www.vkb.de/,ist eine wohngebäudeversicherung pflicht
https://www.vkb.de/,ubr versicherung
https://www.vkb.de/,bayerische beamtenkrankenkasse kontakt
https://www.vkb.de/,sf2 kfz
https://www.vkb.de/,betriebsrentenstärkungsgesetz einfach erklärt
https://www.vkb.de/,sf4 versicherung
https://www.vkb.de/,ist wohngebäudeversicherung pflicht
https://www.vkb.de/,welche versicherungen kann man von der steuer absetzen 2020
https://www.vkb.de/,rechtsschutz hausbau
https://www.vkb.de/,bauherren rechtsschutz ohne wartezeit
https://www.vkb.de/,versicherungen steuererklärung 2020
https://www.vkb.de/,altersvorsorge frauen
https://www.vkb.de/,betriebliche unfallversicherung
https://www.vkb.de/,wohngebäudeversicherung steuer absetzen
https://www.vkb.de/,wohngebäudeversicherung absetzen
https://www.vkb.de/,rechtsschutzversicherung hausbau
https://www.vkb.de/,schneeräumpflicht bayern
https://www.vkb.de/,welche versicherungen sind steuerlich absetzbar 2020
https://www.vkb.de/,steuererklärung 2020 versicherungen
https://www.vkb.de/,frachtführerhaftpflichtversicherung
https://www.vkb.de/,meinrecht
https://www.vkb.de/,risikokarte elementarschäden
https://www.vkb.de/,gebäudeversicherung von steuer absetzen
https://www.vkb.de/,steuererklärung gebäudeversicherung
https://www.vkb.de/,lebensversicherung steuer absetzen
https://www.vkb.de/,autoversicherung kosten tabelle
https://www.vkb.de/,schadenfreiheitsklassen m
https://www.vkb.de/,wohngebäudeversicherung absetzbar
https://www.vkb.de/,örag bauherren rechtsschutz
https://www.vkb.de/,prozent autoversicherung
https://www.vkb.de/,schadensfreiheitsklassen autoversicherung
https://www.vkb.de/,staatlich geförderte altersvorsorge
https://www.vkb.de/,gebäudeversicherung von der steuer absetzen
https://www.vkb.de/,kann man die gebäudeversicherung von der steuer absetzen
https://www.vkb.de/,brandversicherung pflicht
https://www.vkb.de/,hausversicherung pflicht
https://www.vkb.de/,kann man gebäudeversicherung von der steuer absetzen
https://www.vkb.de/,sturmschaden versicherung melden
https://www.vkb.de/,feuerversicherung pflicht
https://www.vkb.de/,bauherren rechtsschutz örag
https://www.vkb.de/,lebensversicherung steuerlich absetzen
https://www.vkb.de/,bürgschaftsversicherung
https://www.vkb.de/,versicherung steuerlich absetzbar
https://www.vkb.de/,sfk berechnen
https://www.vkb.de/,wohngebäudeversicherung einkommensteuer
https://www.vkb.de/,hausversicherung von steuer absetzen
https://www.vkb.de/,sparkasse moped versicherung
https://www.vkb.de/,hausversicherung absetzen
https://www.vkb.de/,autoversicherung prozente
https://www.vkb.de/,schadenfreiheitsklassen ermitteln
https://www.vkb.de/,steuerliche absetzbarkeit versicherungen
https://www.vkb.de/,haftpflichtversicherung haus
https://www.vkb.de/,versicherung moped
https://www.vkb.de/,moped versicherung online
https://www.vkb.de/,versicherung elementarschaden
https://www.vkb.de/,gebäudeversicherung steuer
https://www.vkb.de/,haus grundbesitzer haftpflicht
https://www.vkb.de/,lebensversicherung absetzen
https://www.vkb.de/,versicherung für photovoltaikanlage
https://www.vkb.de/,probefahrt versicherung
https://www.vkb.de/,haus haftpflicht
https://www.vkb.de/,haftpflichtschaden melden
https://www.vkb.de/,pflegerente
https://www.vkb.de/,steuer gebäudeversicherung
https://www.vkb.de/,riester versicherung
https://www.vkb.de/,schadenfreie jahre
https://www.vkb.de/,sf4 prozent
https://www.vkb.de/,schadensfreiheitsklassen berechnung
https://www.vkb.de/,gewerbliche gebäudeversicherung
https://www.vkb.de/,haus und grundbesitzer haftpflichtversicherung
https://www.vkb.de/,krankentagegeldversicherung rechner
https://www.vkb.de/,schadenfreiheitsklasse rückstufung
https://www.vkb.de/,versicherung photovoltaik
https://www.vkb.de/,sf klassen nach unfall
https://www.vkb.de/,versicherung mofa
https://www.vkb.de/,autoversicherung online abschliessen
https://www.vkb.de/,haftpflichtversicherung private
https://www.vkb.de/,versicherung für roller
https://www.vkb.de/,photovoltaikanlage versicherung
https://www.vkb.de/,versicherung steuer
https://www.vkb.de/,versicherungsbestätigung
https://www.vkb.de/,bayerische haftpflicht
https://www.vkb.de/,moped versicherung sparkasse
https://www.vkb.de/,versicherung roller
https://www.vkb.de/,versicherung photovoltaikanlage
https://www.vkb.de/,vermögensschaden haftpflicht
https://www.vkb.de/,vkb meine gesundheit login
https://www.vkb.de/,mokick versicherung
https://www.vkb.de/,örag bauherrenrechtsschutz
https://www.vkb.de/,steuervorteil riester berechnen
https://www.vkb.de/,schatzbrief
https://www.vkb.de/,versicherung pv anlage
https://www.vkb.de/,pv anlage versicherung
https://www.vkb.de/,riester rechner steuervorteil
https://www.vkb.de/,kennzeichen moped
https://www.vkb.de/,versicherungskennzeichen roller
https://www.vkb.de/,photovoltaik versicherungen
https://www.vkb.de/,cyber versicherung unternehmen
https://www.vkb.de/,warentransportversicherung
https://www.vkb.de/,versicherung evb
https://www.vkb.de/,steuer hausratversicherung absetzbar
https://www.vkb.de/,hausratversicherung fahrraddiebstahl
https://www.vkb.de/,gesundheitsprüfung
https://www.vkb.de/,rollerversicherung 2021
https://www.vkb.de/,versorgungskammer bayern wohnung
https://www.vkb.de/,unfallversicherung mit beitragsrückgewähr
https://www.vkb.de/,hundeversicherung bayern
https://www.vkb.de/,bayerische versicherungs kammer
https://www.vkb.de/,versicherungskammerbayern
https://www.vkb.de/,sf klass
https://www.vkb.de/,sf klassen
https://www.vkb.de/,schadenfreiheitsklassen
https://www.vkb.de/,schadenfreiheitsklasse
https://www.vkb.de/,schadensfreiheitsklassen
https://www.vkb.de/,wohngebaeudeversicherung
https://www.vkb.de/,private haftpflichtversicherung
https://www.vkb.de/,elementar versicherung
https://www.vkb.de/,wohngebäudeversicherung
https://www.vkb.de/,riester rente
https://www.vkb.de/,risiko lebensversicherung
https://www.vkb.de/,versicherungskammer bayern kontakt
https://www.vkb.de/,bayerische versicherungskammer münchen
https://www.vkb.de/,bayer versicherung
https://www.vkb.de/,bayernversicherung
https://www.vkb.de/,schadenfreiheitsklassen rechner
https://www.vkb.de/,schadenfreiheitsklassen tabelle
https://www.vkb.de/,welche schadenfreiheitsklasse habe ich
https://www.vkb.de/,schadenfreiheitsklasse tabelle
https://www.vkb.de/,bauherren rechtsschutz
https://www.vkb.de/,schadenfreiheitsrabatt tabelle
https://www.vkb.de/,gebäudeversicherung pflicht
https://www.vkb.de/,bauherrenrechtsschutz
https://www.vkb.de/,mopedversicherung
https://www.vkb.de/,wohngebäudeversicherung steuererklärung
https://www.vkb.de/,gebäudeversicherung steuererklärung
https://www.vkb.de/,schadenfreiheitsklassen berechnen
https://www.vkb.de/,gebäudeversicherung steuerlich absetzen
https://www.vkb.de/,moped versicherung
https://www.vkb.de/,schadenfreiheitsklasse berechnen
https://www.vkb.de/,betriebsrentenstärkungsgesetz
https://www.vkb.de/,photovoltaik versicherung
https://www.vkb.de/,elementarschaden versicherung
https://www.vkb.de/,rollerversicherung
https://www.vkb.de/,bauherren haftpflichtversicherung
https://www.vkb.de/,bauherrenhaftpflicht
https://www.vkb.de/,elementarschaden
https://www.vkb.de/,kranken zusatzversicherung
https://www.vkb.de/,private zusatzversicherung
https://www.vkb.de/,mofa versicherung
https://www.vkb.de/,hausversicherung steuerlich absetzbar
https://www.vkb.de/,haus und grundbesitzer haftpflicht
https://www.vkb.de/,private krankenzusatzversicherung
https://www.vkb.de/,grundbesitzer haftpflicht
https://www.vkb.de/,privat haftpflicht
https://www.viadee.de/,künstliche intelligenz
https://www.viadee.de/,künstliche intelligenz in unternehmen
https://www.viadee.de/,künstliche intelligenz im unternehmen
https://www.viadee.de/,künstliche
https://www.viadee.de/,ki im unternehmen
https://www.viadee.de/,unternehmen künstliche intelligenz
https://www.viadee.de/,ki in unternehmen
https://www.viadee.de/,künstliche intelligenz unternehmen
https://www.viadee.de/,ki einsatz
https://www.viadee.de/,ki seminar
https://www.viadee.de/,künstliche intelligenz einsatz
https://www.viadee.de/,die künstliche intelligenz
https://www.viadee.de/,künstliche intelligenz probleme
https://www.viadee.de/,einsatz von ki
https://www.viadee.de/,probleme künstliche intelligenz
https://www.viadee.de/,ki intelligenz
https://www.viadee.de/,ki künstliche intelligenz
https://www.viadee.de/,eine künstliche intelligenz
https://www.viadee.de/,ki unternehmen
https://www.viadee.de/,rpa und ki
https://www.viadee.de/,rpa ki
https://www.viadee.de/,ki rpa
https://www.viadee.de/,ki automatisierung
https://www.viadee.de/,explainable ki
https://www.viadee.de/,data science ki
https://www.viadee.de/,process robotics
https://www.viadee.de/,intelligente automatisierung
https://www.viadee.de/,methoden künstliche intelligenz
https://www.viadee.de/,xai ai
https://www.viadee.de/,big data künstliche intelligenz
https://www.viadee.de/,künstliche intelligenz big data
https://www.viadee.de/,big data und künstliche intelligenz
https://www.viadee.de/,ki daten
https://www.viadee.de/,ki und big data
https://www.viadee.de/,ki technologie
https://www.viadee.de/,anwendung künstliche intelligenz
https://www.viadee.de/,künstliche intelligenz ki
https://www.viadee.de/,künstliche intelligenz anwendung
https://www.viadee.de/,ki big data
https://www.viadee.de/,künstliche intelligenz software
https://www.viadee.de/,ki methoden
https://www.viadee.de/,künstliche intelligenz beispiele unternehmen
https://www.viadee.de/,anwendungsfelder künstliche intelligenz
https://www.viadee.de/,entwicklung künstliche intelligenz
https://www.viadee.de/,künstliche intelligenz beispiel
https://www.viadee.de/,beispiele für künstliche intelligenz
https://www.viadee.de/,künstliche intelligenz anwendungsgebiete
https://www.viadee.de/,beispiele künstliche intelligenz
https://www.viadee.de/,methoden der ki
https://www.viadee.de/,software künstliche intelligenz
https://www.viadee.de/,ki technologien
https://www.viadee.de/,beispiel künstliche intelligenz
https://www.viadee.de/,anwendungsbereiche künstliche intelligenz
https://www.viadee.de/,künstliche intelligenz entwicklung
https://www.viadee.de/,anwendungsbereiche ki
https://www.viadee.de/,ki anwendungsbereiche
https://www.viadee.de/,digitale intelligenz
https://www.viadee.de/,explainable ai deutsch
https://www.viadee.de/,anwendungsgebiete künstliche intelligenz
https://www.viadee.de/,definition künstliche intelligenz
https://www.viadee.de/,einsatz künstlicher intelligenz
https://www.viadee.de/,künstliche intelligenz blog
https://www.viadee.de/,künstliche intelligenz ai
https://www.viadee.de/,einsatzgebiete künstliche intelligenz
https://www.viadee.de/,artificial intelligence beispiele
https://www.viadee.de/,allgemeine künstliche intelligenz
https://www.viadee.de/,künstliche intelligenz bedeutung
https://www.viadee.de/,ki und ai
https://www.viadee.de/,künstliche intelligenz erklärung
https://www.viadee.de/,definition von künstlicher intelligenz
https://www.viadee.de/,künstliche intelligenz datenanalyse
https://www.viadee.de/,künstliche intelligenz meinung
https://www.viadee.de/,informatik künstliche intelligenz
https://www.viadee.de/,künstliche intelligenz informatik
https://www.viadee.de/,bedeutung künstliche intelligenz
https://www.viadee.de/,künstliche intelligenz einführung
https://www.viadee.de/,gibt es schon künstliche intelligenz
https://www.viadee.de/,künstliche intelligenz methoden
https://www.viadee.de/,ki oder ai
https://www.viadee.de/,künstliche intelligenz technologie
https://www.viadee.de/,künstliche intelligenz erklärt
https://www.viadee.de/,künstliche intelligenz def
https://www.viadee.de/,ai intelligenz
https://www.viadee.de/,einführung künstliche intelligenz
https://www.viadee.de/,künstliche intelligenz programm
https://www.viadee.de/,gibt es ki
https://www.viadee.de/,ai oder ki
https://www.viadee.de/,künstliche intelligenz projekte
https://www.viadee.de/,ai und ki
https://www.viadee.de/,kritik künstliche intelligenz
https://www.viadee.de/,explainability machine learning
https://www.viadee.de/,entwicklung ki
https://www.viadee.de/,künstliche intelligenz grenzen
https://www.viadee.de/,gibt es künstliche intelligenz
https://www.viadee.de/,eine ki
https://www.viadee.de/,künstliche intelligenz bereiche
https://www.viadee.de/,ki datenanalyse
https://www.viadee.de/,künstliche intelligenz python
https://www.viadee.de/,ki modell
https://www.viadee.de/,python künstliche intelligenz
https://www.viadee.de/,ki prognose
https://www.viadee.de/,ai lösungen
https://www.viadee.de/,künstliche intelligenz und machine learning
https://www.viadee.de/,artificial intelligence bedeutung
https://www.viadee.de/,künstliche intelligenz lernen
https://www.viadee.de/,generelle künstliche intelligenz
https://www.viadee.de/,grundlagen künstliche intelligenz
https://www.viadee.de/,ki bereiche
https://www.viadee.de/,künstliche intelligenz experten
https://www.viadee.de/,ki analyse
https://www.viadee.de/,ai projekte
https://www.viadee.de/,teilgebiete künstliche intelligenz
https://www.viadee.de/,künstliche intelligenz wirtschaft
https://www.viadee.de/,künstliche intelligenz 2020
https://www.viadee.de/,methoden der künstlichen intelligenz
https://www.viadee.de/,ki nutzen
https://www.viadee.de/,starke künstliche intelligenz
https://www.viadee.de/,experte künstliche intelligenz
https://www.viadee.de/,ki verfahren
https://www.viadee.de/,künstliche intelligenz firmen
https://www.viadee.de/,ki wissen
https://www.viadee.de/,künstliche intelligenz forschung
https://www.gartenhaus-gmbh.de/,terrassenüberdachung
https://www.gartenhaus-gmbh.de/,gartenhaus
https://www.gartenhaus-gmbh.de/,gartenhaeuser
https://www.gartenhaus-gmbh.de/,terrassenuberdachung
https://www.gartenhaus-gmbh.de/,terrassenueberdachungen
https://www.gartenhaus-gmbh.de/,terrassenueberdachung
https://www.gartenhaus-gmbh.de/,gewächshaus
https://www.gartenhaus-gmbh.de/,carport
https://www.gartenhaus-gmbh.de/,gewaechshaeuser
https://www.gartenhaus-gmbh.de/,gewachshauser
https://www.gartenhaus-gmbh.de/,saunafass
https://www.gartenhaus-gmbh.de/,gartenhütte holz
https://www.gartenhaus-gmbh.de/,gartenhaus kaufen
https://www.gartenhaus-gmbh.de/,terrassenüberdachung alu
https://www.gartenhaus-gmbh.de/,fasssauna
https://www.gartenhaus-gmbh.de/,gartenhaus holz
https://www.gartenhaus-gmbh.de/,sauna fass
https://www.gartenhaus-gmbh.de/,gartensauna
https://www.gartenhaus-gmbh.de/,außensauna
https://www.gartenhaus-gmbh.de/,carport mit schuppen
https://www.gartenhaus-gmbh.de/,terrassenueberdachung alu
https://www.gartenhaus-gmbh.de/,terrassen überdachung alu
https://www.gartenhaus-gmbh.de/,überdachung terrasse
https://www.gartenhaus-gmbh.de/,carports holz
https://www.gartenhaus-gmbh.de/,gartenhauskaufen
https://www.gartenhaus-gmbh.de/,saunafässer
https://www.gartenhaus-gmbh.de/,carport holz
https://www.gartenhaus-gmbh.de/,aussensauna
https://www.gartenhaus-gmbh.de/,doppelcarport
https://www.gartenhaus-gmbh.de/,gartensaunas
https://www.gartenhaus-gmbh.de/,terrassen überdachung holz
https://www.gartenhaus-gmbh.de/,doppel carports
https://www.gartenhaus-gmbh.de/,gewächshäuser kaufen
https://www.gartenhaus-gmbh.de/,dach terrasse
https://www.gartenhaus-gmbh.de/,ueberdachung
https://www.gartenhaus-gmbh.de/,carport metall
https://www.gartenhaus-gmbh.de/,gerätehaus holz
https://www.gartenhaus-gmbh.de/,terrassenüberdachung freistehend
https://www.gartenhaus-gmbh.de/,wintergärten
https://www.gartenhaus-gmbh.de/,geraeteschuppen holz
https://www.gartenhaus-gmbh.de/,gartenhütte
https://www.gartenhaus-gmbh.de/,gartenhuette
https://www.gartenhaus-gmbh.de/,gewächshaus klein
https://www.gartenhaus-gmbh.de/,kinderspielhaus
https://www.gartenhaus-gmbh.de/,gartenhäuser mit anbau
https://www.gartenhaus-gmbh.de/,carportholz
https://www.gartenhaus-gmbh.de/,badefässer
https://www.gartenhaus-gmbh.de/,carport metallbau
https://www.gartenhaus-gmbh.de/,badezuber
https://www.gartenhaus-gmbh.de/,gartenhütten
https://www.gartenhaus-gmbh.de/,gewächshäuser klein
https://www.gartenhaus-gmbh.de/,fass sauna kaufen
https://www.gartenhaus-gmbh.de/,holz garage
https://www.gartenhaus-gmbh.de/,garage holz
https://www.gartenhaus-gmbh.de/,terrassenüberdachungen alu glas
https://www.gartenhaus-gmbh.de/,gartenhäuser 5 eck
https://www.gartenhaus-gmbh.de/,gartenhaus 5eck
https://www.gartenhaus-gmbh.de/,5 eck gartenhaus
https://www.gartenhaus-gmbh.de/,holzgaragen
https://www.gartenhaus-gmbh.de/,gartenhäuschen holz
https://www.gartenhaus-gmbh.de/,gartenschuppen holz
https://www.gartenhaus-gmbh.de/,eck gartenhäuser
https://www.gartenhaus-gmbh.de/,alu überdachung
https://www.gartenhaus-gmbh.de/,gartenhaus groß
https://www.gartenhaus-gmbh.de/,holzgarage
https://www.gartenhaus-gmbh.de/,alu terrassenüberdachung
https://www.gartenhaus-gmbh.de/,holz gartenhaus
https://www.gartenhaus-gmbh.de/,gartenhaus gross
https://www.gartenhaus-gmbh.de/,terrassenüberdachung holz modern
https://www.gartenhaus-gmbh.de/,terrassendach alu
https://www.gartenhaus-gmbh.de/,gartenhaus bausatz
https://www.gartenhaus-gmbh.de/,gartenhaus aus holz
https://www.gartenhaus-gmbh.de/,doppelcarport mit schuppen
https://www.gartenhaus-gmbh.de/,kleine gartenhäuser holz
https://www.gartenhaus-gmbh.de/,gartenlauben kaufen
https://www.gartenhaus-gmbh.de/,doppelcarport mit abstellraum
https://www.gartenhaus-gmbh.de/,terrassenüberdachung glas
https://www.gartenhaus-gmbh.de/,modern terrassenüberdachung
https://www.gartenhaus-gmbh.de/,fertiggaragen holz
https://www.gartenhaus-gmbh.de/,gartensauna kaufen
https://www.gartenhaus-gmbh.de/,gartenhaus fabrikverkauf
https://www.gartenhaus-gmbh.de/,sauna fass kaufen
https://www.gartenhaus-gmbh.de/,holzhütte garten
https://www.gartenhaus-gmbh.de/,aussensauna kaufen
https://www.gartenhaus-gmbh.de/,sauna im garten
https://www.gartenhaus-gmbh.de/,außensauna kaufen
https://www.gartenhaus-gmbh.de/,gartenhaus modern günstig
https://www.gartenhaus-gmbh.de/,gartenhaus ausstellungsstück
https://www.gartenhaus-gmbh.de/,carports aus holz
https://www.gartenhaus-gmbh.de/,garten sauna
https://www.gartenhaus-gmbh.de/,gartenhäuser abverkauf
https://www.gartenhaus-gmbh.de/,sauna kaufen garten
https://www.gartenhaus-gmbh.de/,alu carport
https://www.gartenhaus-gmbh.de/,saunahaus garten
https://www.gartenhaus-gmbh.de/,fasssauna mit holzofen
https://www.gartenhaus-gmbh.de/,holz carport
https://www.gartenhaus-gmbh.de/,fasssauna mit vorraum
https://www.gartenhaus-gmbh.de/,terrassenüberdachung in der nähe
https://www.gartenhaus-gmbh.de/,gartenhaus l form
https://www.gartenhaus-gmbh.de/,holz carports
https://www.gartenhaus-gmbh.de/,gartenhaus günstig
https://www.gartenhaus-gmbh.de/,gartenhaus abverkauf ausstellungsstücke
https://www.gartenhaus-gmbh.de/,sauna außen
https://www.gartenhaus-gmbh.de/,holzhütte kaufen
https://www.gartenhaus-gmbh.de/,faßsauna
https://www.gartenhaus-gmbh.de/,carports aluminium
https://www.gartenhaus-gmbh.de/,gartenhaus 3x2m
https://www.gartenhaus-gmbh.de/,günstig gartenhaus
https://www.gartenhaus-gmbh.de/,doppelcarport holz
https://www.gartenhaus-gmbh.de/,carport günstig
https://www.gartenhaus-gmbh.de/,gartenhaus angebote
https://www.gartenhaus-gmbh.de/,aluminium carport
https://www.gartenhaus-gmbh.de/,gartenhaus günstig kaufen
https://www.gartenhaus-gmbh.de/,garten häuser
https://www.gartenhaus-gmbh.de/,überdachung terrasse holz
https://www.gartenhaus-gmbh.de/,sauna fass mit holzofen
https://www.gartenhaus-gmbh.de/,terrassenüberdachung bausatz
https://www.gartenhaus-gmbh.de/,saunafass mit holzofen
https://www.gartenhaus-gmbh.de/,carport mit abstellraum
https://www.gartenhaus-gmbh.de/,5 eckig
https://www.gartenhaus-gmbh.de/,gartenhaus 2x2m
https://www.gartenhaus-gmbh.de/,terrassenüberdachung holz bausatz
https://www.gartenhaus-gmbh.de/,gartenhaus ausstellung
https://www.gartenhaus-gmbh.de/,outdoor sauna kaufen
https://www.gartenhaus-gmbh.de/,gartenhaus holz günstig
https://www.gartenhaus-gmbh.de/,gewächshaus abverkauf
https://www.gartenhaus-gmbh.de/,terrassenüberdachung holz freistehend
https://www.gartenhaus-gmbh.de/,große gartenhäuser
https://www.gartenhaus-gmbh.de/,carports kaufen
https://www.gartenhaus-gmbh.de/,gewächshaus groß
https://www.gartenhaus-gmbh.de/,carport mit geräteraum
https://www.gartenhaus-gmbh.de/,carport kaufen
https://www.gartenhaus-gmbh.de/,wintergarten kaufen
https://www.gartenhaus-gmbh.de/,terrassenüberdachung günstig
https://www.gartenhaus-gmbh.de/,gartenhaus mit sauna
https://www.gartenhaus-gmbh.de/,gartenhaus restposten
https://www.gartenhaus-gmbh.de/,überdacht terrasse
https://www.gartenhaus-gmbh.de/,karibu gartenhäuser
https://www.gartenhaus-gmbh.de/,vordach terrasse
https://www.gartenhaus-gmbh.de/,faßsauna mit holzofen
https://www.gartenhaus-gmbh.de/,gartengerätehaus holz
https://www.gartenhaus-gmbh.de/,gartensauna mit vorraum
https://www.gartenhaus-gmbh.de/,glasüberdachungen terrasse
https://www.gartenhaus-gmbh.de/,holzgarage bausatz
https://www.gartenhaus-gmbh.de/,eckgartenhaus
https://www.gartenhaus-gmbh.de/,sauna bausatz
https://www.gartenhaus-gmbh.de/,glasüberdachung terrasse
https://www.gartenhaus-gmbh.de/,gartenhaus ausstellung in der nähe
https://www.gartenhaus-gmbh.de/,gartenhäuser karibu
https://www.gartenhaus-gmbh.de/,gartenhaus holz klein
https://www.gartenhaus-gmbh.de/,terrassendach holz
https://www.gartenhaus-gmbh.de/,saunabausatz
https://www.gartenhaus-gmbh.de/,lasita maja gartenhaus
https://www.gartenhaus-gmbh.de/,gartenhäuser auslaufmodelle
https://www.gartenhaus-gmbh.de/,terrassenüberdachung alu bausatz
https://www.gartenhaus-gmbh.de/,holzgartenhaus
https://www.gartenhaus-gmbh.de/,aluüberdachung
https://www.gartenhaus-gmbh.de/,terrassenüberdachungen günstig
https://www.gartenhaus-gmbh.de/,aussensauna mit vorraum
https://www.gartenhaus-gmbh.de/,metall carport
https://www.gartenhaus-gmbh.de/,überdachung garten
https://www.gartenhaus-gmbh.de/,holz überdachung
https://www.gartenhaus-gmbh.de/,sauna restposten
https://www.gartenhaus-gmbh.de/,überdachung holz
https://www.gartenhaus-gmbh.de/,gartenhaus anthrazit
https://www.gartenhaus-gmbh.de/,doppelcarport metall
https://www.gartenhaus-gmbh.de/,wolff finnhaus
https://www.gartenhaus-gmbh.de/,gewächshäuser rund
https://www.gartenhaus-gmbh.de/,holz gerätehaus
https://www.gartenhaus-gmbh.de/,grosse gartenhaus
https://www.gartenhaus-gmbh.de/,saunahaus mit vorraum
https://www.gartenhaus-gmbh.de/,metall carports
https://www.gartenhaus-gmbh.de/,fasssauna bausatz
https://www.gartenhaus-gmbh.de/,holz terrassenüberdachung
https://www.gartenhaus-gmbh.de/,häuser garten
https://www.gartenhaus-gmbh.de/,terrassenüberdachung mit montage
https://www.gartenhaus-gmbh.de/,freistehend terrassenüberdachung
https://www.gartenhaus-gmbh.de/,wolff gartenhäuser
https://www.gartenhaus-gmbh.de/,mein gartenhaus
https://www.gartenhaus-gmbh.de/,garten überdachung
https://www.gartenhaus-gmbh.de/,gartensauna mit holzofen
https://www.gartenhaus-gmbh.de/,gartenhauschen
https://www.gartenhaus-gmbh.de/,einzelcarport
https://www.gartenhaus-gmbh.de/,gartenhaus klein
https://www.gartenhaus-gmbh.de/,terrassenüberdachung holland
https://www.gartenhaus-gmbh.de/,carport mit schuppen modern
https://www.gartenhaus-gmbh.de/,metallbau carport
https://www.gartenhaus-gmbh.de/,finnhaus
https://www.gartenhaus-gmbh.de/,gewächshaus günstig
https://www.gartenhaus-gmbh.de/,aussensauna klein
https://www.gartenhaus-gmbh.de/,kleine gewächshäuser
https://www.gartenhaus-gmbh.de/,gartenhaus schnäppchen
https://www.gartenhaus-gmbh.de/,außensauna klein
https://www.gartenhaus-gmbh.de/,garten hütte
https://www.gartenhaus-gmbh.de/,überdachung freistehend
https://www.gartenhaus-gmbh.de/,gartenhaeuschen
https://www.gartenhaus-gmbh.de/,gartenhaus mit terrasse
https://www.gartenhaus-gmbh.de/,aluminiumcarport
https://www.gartenhaus-gmbh.de/,gartenhaus 3x3m
https://www.gartenhaus-gmbh.de/,holzüberdachung
https://www.gartenhaus-gmbh.de/,sauna für zuhause
https://www.gartenhaus-gmbh.de/,gartenhaus schnäppchenpreis
https://www.gartenhaus-gmbh.de/,badebottich
https://www.gartenhaus-gmbh.de/,holz schuppen
https://www.gartenhaus-gmbh.de/,kleines gartenhaus
https://www.gartenhaus-gmbh.de/,terrassenüberdachung freistehend mit sonnenschutz
https://www.gartenhaus-gmbh.de/,terrassendach glas
https://www.gartenhaus-gmbh.de/,gartenhaus anbau
https://www.gartenhaus-gmbh.de/,terrassenüberdachung freistehend am haus
https://www.gartenhaus-gmbh.de/,kinderspielhäuser garten
https://www.gartenhaus-gmbh.de/,finnhäuser
https://www.gartenhaus-gmbh.de/,gartenhaus mit veranda
https://www.gartenhaus-gmbh.de/,hot tub kaufen
https://www.gartenhaus-gmbh.de/,anbau gartenhaus
https://www.gartenhaus-gmbh.de/,gartenhaus flachdach
https://www.gartenhaus-gmbh.de/,grillpavillon holz
https://www.gartenhaus-gmbh.de/,flachdach gartenhaus
https://www.gartenhaus-gmbh.de/,geräteschuppen holz günstig
https://www.gartenhaus-gmbh.de/,blockhaus gartenhaus
https://www.gartenhaus-gmbh.de/,gerätehaus garten
https://www.gartenhaus-gmbh.de/,außensauna abverkauf
https://www.gartenhaus-gmbh.de/,gartenholzhaus
https://www.gartenhaus-gmbh.de/,gartenhaus pultdach
https://www.gartenhaus-gmbh.de/,gartenhaus holz pultdach
https://www.gartenhaus-gmbh.de/,gartenhäuser holz groß
https://www.gartenhaus-gmbh.de/,gartenhaus über eck
https://www.gartenhaus-gmbh.de/,garage aus holz
https://www.gartenhaus-gmbh.de/,gartenhaus rechteckig
https://www.gartenhaus-gmbh.de/,terrassenüberdachung 2 wahl
https://www.gartenhaus-gmbh.de/,gartenhaus garage
https://www.gartenhaus-gmbh.de/,garten haus kaufen
https://www.gartenhaus-gmbh.de/,holzgarage kaufen
https://www.gartenhaus-gmbh.de/,gartenhäuschen aus holz
https://www.gartenhaus-gmbh.de/,gartenhaus 70 mm
https://www.gartenhaus-gmbh.de/,gartenhaus 4x6m
https://www.gartenhaus-gmbh.de/,gartenhaus quadratisch
https://www.gartenhaus-gmbh.de/,gartenhaus mit garage
https://www.gartenhaus-gmbh.de/,aluminium terrassenüberdachung
https://www.gartenhaus-gmbh.de/,5eck gartenhaus
https://www.gartenhaus-gmbh.de/,fertig gartenhaus
https://www.gartenhaus-gmbh.de/,gartenhaus gmbh hamburg
https://www.gartenhaus-gmbh.de/,gartenhäuschen kaufen
https://www.gartenhaus-gmbh.de/,terrassenüberdachung kaufen
https://www.gartenhaus-gmbh.de/,gartenhaus eck